"","Taxon","combinations","pval","adj_p <- p.adjust(pval, method = ""BH"")"
"1","UniRef90_U2RSB5","dieguez_complete_uniref_Caries-BaselinevsHealthy-Baseline",0.0295001371230527,0.0447784450545511
"2","UniRef90_A0A0S2ZM78","dieguez_complete_uniref_Caries-BaselinevsHealthy-Baseline",0.0427036248697112,0.0486974074968286
"3","UniRef90_A0A2B7YNI3","dieguez_complete_uniref_Caries-BaselinevsHealthy-Baseline",0.000503471198151287,0.0209031175734128
"4","UniRef90_A0A2N6TM57","dieguez_complete_uniref_Caries-BaselinevsHealthy-Baseline",0.0153184924208964,0.0366451820734573
"5","UniRef90_E0DHI2","dieguez_complete_uniref_Caries-BaselinevsHealthy-Baseline",0.00237200077584661,0.0223404645350974
"6","UniRef90_L1NU03","dieguez_complete_uniref_Caries-BaselinevsHealthy-Baseline",0.0021054776848388,0.0223404645350974
"7","UniRef90_L1NXW0","dieguez_complete_uniref_Caries-BaselinevsHealthy-Baseline",0.0348453759862908,0.0472336009469903
"8","UniRef90_L1P8R8","dieguez_complete_uniref_Caries-BaselinevsHealthy-Baseline",0.0274444378961055,0.0440799577867085
"9","UniRef90_R9RDW5","dieguez_complete_uniref_Caries-BaselinevsHealthy-Baseline",0.0491461846358309,0.0499959007871777
"10","UniRef90_U1S5K2","dieguez_complete_uniref_Caries-BaselinevsHealthy-Baseline",0.0201346754886552,0.0408467670220611
"11","UniRef90_U2IFD3","dieguez_complete_uniref_Caries-BaselinevsHealthy-Baseline",0.0152592272884141,0.0366451820734573
"12","UniRef90_UPI0007E347B6","dieguez_complete_uniref_Caries-BaselinevsHealthy-Baseline",0.00378907650681087,0.0268094179488598
"13","UniRef90_W2CII2","dieguez_complete_uniref_Caries-BaselinevsHealthy-Baseline",0.00194199240360061,0.0223404645350974
"14","UniRef90_A0A2B7YNI3","dieguez_complete_uniref_Caries-BaselinevsCaries-Fl",0.0100301336020067,0.0329482077554532
"15","UniRef90_A0A2C5ZYQ6","dieguez_complete_uniref_Caries-BaselinevsCaries-Fl",0.032312992084923,0.0464043625384934
"16","UniRef90_A0A2C6C3I1","dieguez_complete_uniref_Caries-BaselinevsCaries-Fl",0.0105840746545693,0.0329482077554532
"17","UniRef90_A0A2N6TM57","dieguez_complete_uniref_Caries-BaselinevsCaries-Fl",0.0141426417565086,0.0366451820734573
"18","UniRef90_A5TWG4","dieguez_complete_uniref_Caries-BaselinevsCaries-Fl",0.0241629195849898,0.0428382029182922
"19","UniRef90_J6IUG2","dieguez_complete_uniref_Caries-BaselinevsCaries-Fl",0.0427967778479542,0.0486974074968286
"20","UniRef90_U1R9S4","dieguez_complete_uniref_Caries-BaselinevsCaries-Fl",0.0292278217119935,0.0446709021698662
"21","UniRef90_U2PKD9","dieguez_complete_uniref_Caries-BaselinevsCaries-Fl",0.0346276321816081,0.0472272904259061
"22","UniRef90_W2CII2","dieguez_complete_uniref_Caries-BaselinevsCaries-Fl",0.0215624128502274,0.0412873304999459
"23","UniRef90_X8HWZ7","dieguez_complete_uniref_Caries-BaselinevsCaries-Fl",0.0489952514253879,0.0499959007871777
"24","UniRef90_A0A241Q2B3","dieguez_complete_uniref_Caries-BaselinevsHealthy-Fl",0.0422130284730942,0.0486974074968286
"25","UniRef90_A0A2B7YNI3","dieguez_complete_uniref_Caries-BaselinevsHealthy-Fl",0.0219876170103509,0.041632910559118
"26","UniRef90_A0A2B7YY17","dieguez_complete_uniref_Caries-BaselinevsHealthy-Fl",0.00840742189660773,0.0329280347238905
"27","UniRef90_A0A2C5ZYQ6","dieguez_complete_uniref_Caries-BaselinevsHealthy-Fl",0.00414310863761476,0.0275365545764799
"28","UniRef90_D3IKU4","dieguez_complete_uniref_Caries-BaselinevsHealthy-Fl",0.0462105060588579,0.0498722438835123
"29","UniRef90_F9EJN4","dieguez_complete_uniref_Caries-BaselinevsHealthy-Fl",0.00940233081259198,0.0329482077554532
"30","UniRef90_L1PTL1","dieguez_complete_uniref_Caries-BaselinevsHealthy-Fl",0.0188781569181046,0.0400437585640046
"31","UniRef90_L1PUB1","dieguez_complete_uniref_Caries-BaselinevsHealthy-Fl",0.023883322681356,0.0428382029182922
"32","UniRef90_U2IFD3","dieguez_complete_uniref_Caries-BaselinevsHealthy-Fl",0.00841812052250661,0.0329280347238905
"33","UniRef90_U2PKD9","dieguez_complete_uniref_Caries-BaselinevsHealthy-Fl",0.0074596980570136,0.0329280347238905
"34","UniRef90_J5VG22","dieguez_complete_uniref_Caries-BaselinevsCaries-Fl-Ar",0.0103923836095864,0.0329482077554532
"35","UniRef90_A0A2B7YY17","dieguez_complete_uniref_Caries-BaselinevsCaries-Fl-Ar",0.00515322306841383,0.0304350132070255
"36","UniRef90_A0A2C5ZYQ6","dieguez_complete_uniref_Caries-BaselinevsCaries-Fl-Ar",0.0338166854033606,0.0469569259449215
"37","UniRef90_A0A2N6TM57","dieguez_complete_uniref_Caries-BaselinevsCaries-Fl-Ar",0.0144638915632472,0.0366451820734573
"38","UniRef90_A5TVF0","dieguez_complete_uniref_Caries-BaselinevsCaries-Fl-Ar",0.0204423982978017,0.0408467670220611
"39","UniRef90_A5TWG4","dieguez_complete_uniref_Caries-BaselinevsCaries-Fl-Ar",0.0460126429272614,0.0498722438835123
"40","UniRef90_C9MZK9","dieguez_complete_uniref_Caries-BaselinevsCaries-Fl-Ar",0.00876910829789502,0.0329280347238905
"41","UniRef90_D3QZD1","dieguez_complete_uniref_Caries-BaselinevsCaries-Fl-Ar",0.00793665351853374,0.0329280347238905
"42","UniRef90_J6IUG2","dieguez_complete_uniref_Caries-BaselinevsCaries-Fl-Ar",0.00083938174091693,0.0209031175734128
"43","UniRef90_L1NU03","dieguez_complete_uniref_Caries-BaselinevsCaries-Fl-Ar",0.0106196722115273,0.0329482077554532
"44","UniRef90_U1SAA0","dieguez_complete_uniref_Caries-BaselinevsCaries-Fl-Ar",0.0429168268425343,0.0486974074968286
"45","UniRef90_U2IFD3","dieguez_complete_uniref_Caries-BaselinevsCaries-Fl-Ar",0.0402575988086539,0.048260424096519
"46","UniRef90_U2PKD9","dieguez_complete_uniref_Caries-BaselinevsCaries-Fl-Ar",0.0320659271262979,0.0464043625384934
"47","UniRef90_W2VDD7","dieguez_complete_uniref_Caries-BaselinevsCaries-Fl-Ar",0.000871965276779628,0.0209031175734128
"48","UniRef90_X8HWZ7","dieguez_complete_uniref_Caries-BaselinevsCaries-Fl-Ar",0.0350608762020309,0.0472336009469903
"49","UniRef90_U2R544","dieguez_complete_uniref_Caries-BaselinevsHealthy-Fl-Ar",0.0435594153927002,0.0489821181252608
"50","UniRef90_A0A134A313","dieguez_complete_uniref_Caries-BaselinevsHealthy-Fl-Ar",0.00886296552574432,0.0329280347238905
"51","UniRef90_A0A241Q2B3","dieguez_complete_uniref_Caries-BaselinevsHealthy-Fl-Ar",0.00243271846117213,0.0223404645350974
"52","UniRef90_A0A2C5ZYQ6","dieguez_complete_uniref_Caries-BaselinevsHealthy-Fl-Ar",0.0240699612778284,0.0428382029182922
"53","UniRef90_A0A2N6TM57","dieguez_complete_uniref_Caries-BaselinevsHealthy-Fl-Ar",0.000215786556884485,0.0148622991054189
"54","UniRef90_D3IKU4","dieguez_complete_uniref_Caries-BaselinevsHealthy-Fl-Ar",0.00626865963073163,0.0316883619865425
"55","UniRef90_F9EJN4","dieguez_complete_uniref_Caries-BaselinevsHealthy-Fl-Ar",0.0116457693357919,0.0344990263657061
"56","UniRef90_G6C504","dieguez_complete_uniref_Caries-BaselinevsHealthy-Fl-Ar",0.0177773345099553,0.0390251446812166
"57","UniRef90_J4X3C5","dieguez_complete_uniref_Caries-BaselinevsHealthy-Fl-Ar",0.00867585769684063,0.0329280347238905
"58","UniRef90_L1NU03","dieguez_complete_uniref_Caries-BaselinevsHealthy-Fl-Ar",0.00888476871476509,0.0329280347238905
"59","UniRef90_L1PTL1","dieguez_complete_uniref_Caries-BaselinevsHealthy-Fl-Ar",0.00816828146758908,0.0329280347238905
"60","UniRef90_L1PUB1","dieguez_complete_uniref_Caries-BaselinevsHealthy-Fl-Ar",0.0110706484367455,0.0333329360035343
"61","UniRef90_U2PKD9","dieguez_complete_uniref_Caries-BaselinevsHealthy-Fl-Ar",0.0391667294774725,0.0478267680538493
"62","UniRef90_UPI0007E347B6","dieguez_complete_uniref_Caries-BaselinevsHealthy-Fl-Ar",0.0245406946099398,0.0428586537725013
"63","UniRef90_A0A2C6BMA4","dieguez_complete_uniref_Healthy-BaselinevsCaries-Fl",0.0158359938488867,0.0374490669988694
"64","UniRef90_E8KF34","dieguez_complete_uniref_Healthy-BaselinevsCaries-Fl",0.00392793326973217,0.0270536403952803
"65","UniRef90_U2SWN1","dieguez_complete_uniref_Healthy-BaselinevsCaries-Fl",0.04113957093425,0.0486974074968286
"66","UniRef90_A0A0S2ZM78","dieguez_complete_uniref_Healthy-BaselinevsCaries-Fl",0.00697578225629128,0.0329280347238905
"67","UniRef90_A0A222PBB6","dieguez_complete_uniref_Healthy-BaselinevsCaries-Fl",0.0271175811347199,0.0440799577867085
"68","UniRef90_A0A250FBH3","dieguez_complete_uniref_Healthy-BaselinevsCaries-Fl",0.00963879199139746,0.0329482077554532
"69","UniRef90_A0A2B7YS72","dieguez_complete_uniref_Healthy-BaselinevsCaries-Fl",0.0446595970108572,0.0495119475915137
"70","UniRef90_A0A2C6C3I1","dieguez_complete_uniref_Healthy-BaselinevsCaries-Fl",0.00272422938358428,0.0234539123492959
"71","UniRef90_A0A2N6TLH8","dieguez_complete_uniref_Healthy-BaselinevsCaries-Fl",0.0146167957436,0.0366451820734573
"72","UniRef90_D3QZD1","dieguez_complete_uniref_Healthy-BaselinevsCaries-Fl",0.03157586186553,0.0464043625384934
"73","UniRef90_E0DE64","dieguez_complete_uniref_Healthy-BaselinevsCaries-Fl",0.0333381620223753,0.0468605287610428
"74","UniRef90_L1NZV5","dieguez_complete_uniref_Healthy-BaselinevsCaries-Fl",0.0451154313641139,0.0498168390413362
"75","UniRef90_L1P8R8","dieguez_complete_uniref_Healthy-BaselinevsCaries-Fl",4.82551388768224e-05,0.00721554016015547
"76","UniRef90_L1PKY8","dieguez_complete_uniref_Healthy-BaselinevsCaries-Fl",0.00151082426022989,0.0223404645350974
"77","UniRef90_L1PQP4","dieguez_complete_uniref_Healthy-BaselinevsCaries-Fl",0.0240725508772195,0.0428382029182922
"78","UniRef90_S2ZQS1","dieguez_complete_uniref_Healthy-BaselinevsCaries-Fl",0.0205039192122658,0.0408467670220611
"79","UniRef90_U2IFD3","dieguez_complete_uniref_Healthy-BaselinevsCaries-Fl",0.0139753836226791,0.0366451820734573
"80","UniRef90_U2RAS2","dieguez_complete_uniref_Healthy-BaselinevsCaries-Fl",0.0188129308467022,0.0400437585640046
"81","UniRef90_X8HWZ7","dieguez_complete_uniref_Healthy-BaselinevsCaries-Fl",0.0114990993423912,0.0342933860342738
"82","UniRef90_A0A250FRI5","dieguez_complete_uniref_Healthy-BaselinevsHealthy-Fl",0.00538438297395523,0.0304350132070255
"83","UniRef90_A0A2N6TFM9","dieguez_complete_uniref_Healthy-BaselinevsHealthy-Fl",0.00389969850533782,0.0270536403952803
"84","UniRef90_A5TTJ2","dieguez_complete_uniref_Healthy-BaselinevsHealthy-Fl",0.00804546548466009,0.0329280347238905
"85","UniRef90_F0IDH7","dieguez_complete_uniref_Healthy-BaselinevsHealthy-Fl",0.0169198186374834,0.0386743973537933
"86","UniRef90_L1NXR5","dieguez_complete_uniref_Healthy-BaselinevsHealthy-Fl",0.0323388152504996,0.0464043625384934
"87","UniRef90_L1PPR7","dieguez_complete_uniref_Healthy-BaselinevsHealthy-Fl",0.0431109819518818,0.0486974074968286
"88","UniRef90_U1QIV9","dieguez_complete_uniref_Healthy-BaselinevsHealthy-Fl",0.00221069846959509,0.0223404645350974
"89","UniRef90_A0A241Q4L3","dieguez_complete_uniref_Healthy-BaselinevsHealthy-Fl",0.000838173345809976,0.0209031175734128
"90","UniRef90_A0A2C5ZYQ6","dieguez_complete_uniref_Healthy-BaselinevsHealthy-Fl",0.0375360347087887,0.0475157377371046
"91","UniRef90_A0A2C6BV61","dieguez_complete_uniref_Healthy-BaselinevsHealthy-Fl",0.0232551036267761,0.0425992262293626
"92","UniRef90_A0A2C6C3I1","dieguez_complete_uniref_Healthy-BaselinevsHealthy-Fl",0.00726475181567398,0.0329280347238905
"93","UniRef90_A0A2G9FAK1","dieguez_complete_uniref_Healthy-BaselinevsHealthy-Fl",0.00425328083082402,0.0275712675033416
"94","UniRef90_A5TV72","dieguez_complete_uniref_Healthy-BaselinevsHealthy-Fl",0.0110109395778836,0.0333329360035343
"95","UniRef90_D3IMD8","dieguez_complete_uniref_Healthy-BaselinevsHealthy-Fl",0.0155632581586261,0.036962738126737
"96","UniRef90_E7RY83","dieguez_complete_uniref_Healthy-BaselinevsHealthy-Fl",0.012107387115915,0.0354524513909006
"97","UniRef90_L1NTI4","dieguez_complete_uniref_Healthy-BaselinevsHealthy-Fl",0.0387010930978541,0.0475157377371046
"98","UniRef90_L1P8R8","dieguez_complete_uniref_Healthy-BaselinevsHealthy-Fl",0.0165575416085594,0.0380133559429843
"99","UniRef90_L1PDL4","dieguez_complete_uniref_Healthy-BaselinevsHealthy-Fl",0.0145823193824622,0.0366451820734573
"100","UniRef90_Q7P652","dieguez_complete_uniref_Healthy-BaselinevsHealthy-Fl",0.00991578055510976,0.0329482077554532
"101","UniRef90_U1QXW4","dieguez_complete_uniref_Healthy-BaselinevsHealthy-Fl",0.0161552786168908,0.0377184682962154
"102","UniRef90_U1R3T5","dieguez_complete_uniref_Healthy-BaselinevsHealthy-Fl",0.000690732078650041,0.0209031175734128
"103","UniRef90_U2AZB2","dieguez_complete_uniref_Healthy-BaselinevsHealthy-Fl",0.0266589365051822,0.0440799577867085
"104","UniRef90_U2BYZ5","dieguez_complete_uniref_Healthy-BaselinevsHealthy-Fl",0.0337388079105655,0.0469569259449215
"105","UniRef90_U2LXT4","dieguez_complete_uniref_Healthy-BaselinevsHealthy-Fl",0.0281336128739793,0.0440799577867085
"106","UniRef90_UPI0007E347B6","dieguez_complete_uniref_Healthy-BaselinevsHealthy-Fl",0.0203670933552876,0.0408467670220611
"107","UniRef90_W2CGF0","dieguez_complete_uniref_Healthy-BaselinevsHealthy-Fl",0.0150725422533162,0.0366451820734573
"108","UniRef90_A0A2N6TFM9","dieguez_complete_uniref_Healthy-BaselinevsCaries-Fl-Ar",0.0145140815175266,0.0366451820734573
"109","UniRef90_A0A0S2ZM78","dieguez_complete_uniref_Healthy-BaselinevsCaries-Fl-Ar",0.000107111624939665,0.0118037010683511
"110","UniRef90_A0A1Q8WM28","dieguez_complete_uniref_Healthy-BaselinevsCaries-Fl-Ar",0.0332068027739383,0.04679526426711
"111","UniRef90_A0A2N6TLH8","dieguez_complete_uniref_Healthy-BaselinevsCaries-Fl-Ar",0.00495984296260938,0.0300315766197557
"112","UniRef90_C9MZK9","dieguez_complete_uniref_Healthy-BaselinevsCaries-Fl-Ar",0.000639035334707876,0.0209031175734128
"113","UniRef90_E0DHI2","dieguez_complete_uniref_Healthy-BaselinevsCaries-Fl-Ar",0.0253704774353168,0.0430127171287986
"114","UniRef90_E6LLD9","dieguez_complete_uniref_Healthy-BaselinevsCaries-Fl-Ar",0.00986404536614898,0.0329482077554532
"115","UniRef90_L1P8R8","dieguez_complete_uniref_Healthy-BaselinevsCaries-Fl-Ar",0.00662098378976698,0.0327376619307058
"116","UniRef90_L1PKY8","dieguez_complete_uniref_Healthy-BaselinevsCaries-Fl-Ar",0.00591563564861837,0.03075014379612
"117","UniRef90_S2ZQS1","dieguez_complete_uniref_Healthy-BaselinevsCaries-Fl-Ar",0.0376283337660366,0.0475157377371046
"118","UniRef90_U2IFD3","dieguez_complete_uniref_Healthy-BaselinevsCaries-Fl-Ar",0.0380392447647376,0.0475157377371046
"119","UniRef90_U2RAS2","dieguez_complete_uniref_Healthy-BaselinevsCaries-Fl-Ar",0.00757844901475361,0.0329280347238905
"120","UniRef90_UPI0007E347B6","dieguez_complete_uniref_Healthy-BaselinevsCaries-Fl-Ar",0.00459843460544454,0.0291234191678154
"121","UniRef90_X8HWZ7","dieguez_complete_uniref_Healthy-BaselinevsCaries-Fl-Ar",0.00366415430854602,0.0268094179488598
"122","UniRef90_A0A096ASI9","dieguez_complete_uniref_Healthy-BaselinevsHealthy-Fl-Ar",0.037811954547959,0.0475157377371046
"123","UniRef90_A0A2C6BMA4","dieguez_complete_uniref_Healthy-BaselinevsHealthy-Fl-Ar",0.0127460967942992,0.0355868896010772
"124","UniRef90_E8KF34","dieguez_complete_uniref_Healthy-BaselinevsHealthy-Fl-Ar",0.00178501987792078,0.0223404645350974
"125","UniRef90_L1P8P6","dieguez_complete_uniref_Healthy-BaselinevsHealthy-Fl-Ar",0.0148024109378076,0.0366451820734573
"126","UniRef90_U1PUH2","dieguez_complete_uniref_Healthy-BaselinevsHealthy-Fl-Ar",0.0394010094201983,0.0478267680538493
"127","UniRef90_A0A134A313","dieguez_complete_uniref_Healthy-BaselinevsHealthy-Fl-Ar",0.0430031252031766,0.0486974074968286
"128","UniRef90_D7NFI9","dieguez_complete_uniref_Healthy-BaselinevsHealthy-Fl-Ar",0.047356008735422,0.0498722438835123
"129","UniRef90_G6C504","dieguez_complete_uniref_Healthy-BaselinevsHealthy-Fl-Ar",0.0414565349776685,0.0486974074968286
"130","UniRef90_L1NZV5","dieguez_complete_uniref_Healthy-BaselinevsHealthy-Fl-Ar",0.0207203299087962,0.0408891144832521
"131","UniRef90_L1P8R8","dieguez_complete_uniref_Healthy-BaselinevsHealthy-Fl-Ar",0.00536627407072912,0.0304350132070255
"132","UniRef90_L1PKY8","dieguez_complete_uniref_Healthy-BaselinevsHealthy-Fl-Ar",0.00322895224425684,0.0258808127898143
"133","UniRef90_L1PNE1","dieguez_complete_uniref_Healthy-BaselinevsHealthy-Fl-Ar",0.0469366968453195,0.0498722438835123
"134","UniRef90_L1PUB1","dieguez_complete_uniref_Healthy-BaselinevsHealthy-Fl-Ar",0.0173894189650027,0.0389650476536581
"135","UniRef90_S2ZQS1","dieguez_complete_uniref_Healthy-BaselinevsHealthy-Fl-Ar",0.0381187402269008,0.0475157377371046
"136","UniRef90_U1R3T5","dieguez_complete_uniref_Healthy-BaselinevsHealthy-Fl-Ar",0.0253661105226444,0.0430127171287986
"137","UniRef90_U2IFD3","dieguez_complete_uniref_Healthy-BaselinevsHealthy-Fl-Ar",0.0499959007871777,0.0499959007871777
"138","UniRef90_A0A0M3UUY0","dieguez_complete_uniref_Caries-FlvsHealthy-Fl",0.0339180699202881,0.0469569259449215
"139","UniRef90_C4GK28","dieguez_complete_uniref_Caries-FlvsHealthy-Fl",0.0321070005231506,0.0464043625384934
"140","UniRef90_J5VG22","dieguez_complete_uniref_Caries-FlvsHealthy-Fl",0.0483924897820336,0.0499959007871777
"141","UniRef90_L1P5L4","dieguez_complete_uniref_Caries-FlvsHealthy-Fl",0.0494232001124419,0.0499959007871777
"142","UniRef90_U1QYG9","dieguez_complete_uniref_Caries-FlvsHealthy-Fl",0.0170097849959328,0.0386743973537933
"143","UniRef90_A0A241Q4L3","dieguez_complete_uniref_Caries-FlvsHealthy-Fl",0.0498874140284397,0.0499959007871777
"144","UniRef90_A5TV72","dieguez_complete_uniref_Caries-FlvsHealthy-Fl",0.0118351768569529,0.0348726334127329
"145","UniRef90_A5TVF0","dieguez_complete_uniref_Caries-FlvsHealthy-Fl",0.0196451778679794,0.0406120763854713
"146","UniRef90_E0DE64","dieguez_complete_uniref_Caries-FlvsHealthy-Fl",0.0379762139793524,0.0475157377371046
"147","UniRef90_J6HXM3","dieguez_complete_uniref_Caries-FlvsHealthy-Fl",0.0365689257174373,0.0475157377371046
"148","UniRef90_J6IUG2","dieguez_complete_uniref_Caries-FlvsHealthy-Fl",0.0493502426127898,0.0499959007871777
"149","UniRef90_U1S322","dieguez_complete_uniref_Caries-FlvsHealthy-Fl",0.0279230261386807,0.0440799577867085
"150","UniRef90_U2C3C7","dieguez_complete_uniref_Caries-FlvsHealthy-Fl",0.0132359689412349,0.0360208019723691
"151","UniRef90_X8HWZ7","dieguez_complete_uniref_Caries-FlvsHealthy-Fl",0.00339465519070038,0.0260011098488546
"152","UniRef90_G9ZCM6","dieguez_complete_uniref_Caries-FlvsCaries-Fl-Ar",0.0378868904022639,0.0475157377371046
"153","UniRef90_A0A2C6C3I1","dieguez_complete_uniref_Caries-FlvsCaries-Fl-Ar",0.0148162587582457,0.0366451820734573
"154","UniRef90_A5TV72","dieguez_complete_uniref_Caries-FlvsCaries-Fl-Ar",0.0199498106629133,0.0407123913898712
"155","UniRef90_D3QZD1","dieguez_complete_uniref_Caries-FlvsCaries-Fl-Ar",0.0037818108395521,0.0268094179488598
"156","UniRef90_E6LLD9","dieguez_complete_uniref_Caries-FlvsCaries-Fl-Ar",0.0383909182471324,0.0475157377371046
"157","UniRef90_J6HZ39","dieguez_complete_uniref_Caries-FlvsCaries-Fl-Ar",0.0250110706985729,0.0428586537725013
"158","UniRef90_W2VDD7","dieguez_complete_uniref_Caries-FlvsCaries-Fl-Ar",0.000370886177410204,0.0204358283753022
"159","UniRef90_A0A2B7YS72","dieguez_complete_uniref_Caries-FlvsHealthy-Fl-Ar",0.0134802060472127,0.036232163570801
"160","UniRef90_A0A2C6C3I1","dieguez_complete_uniref_Caries-FlvsHealthy-Fl-Ar",0.00492382947790904,0.0300315766197557
"161","UniRef90_A5TV72","dieguez_complete_uniref_Caries-FlvsHealthy-Fl-Ar",0.00371397496618763,0.0268094179488598
"162","UniRef90_D3IKU4","dieguez_complete_uniref_Caries-FlvsHealthy-Fl-Ar",0.0454106834000557,0.0498722438835123
"163","UniRef90_E0DE64","dieguez_complete_uniref_Caries-FlvsHealthy-Fl-Ar",0.0378741585047557,0.0475157377371046
"164","UniRef90_F2UVA9","dieguez_complete_uniref_Caries-FlvsHealthy-Fl-Ar",0.0214208694064993,0.0412873304999459
"165","UniRef90_J0XE44","dieguez_complete_uniref_Caries-FlvsHealthy-Fl-Ar",0.0476694715443529,0.0498722438835123
"166","UniRef90_W2CTG9","dieguez_complete_uniref_Caries-FlvsHealthy-Fl-Ar",0.00478186576633966,0.0299410004233313
"167","UniRef90_W2VDD7","dieguez_complete_uniref_Caries-FlvsHealthy-Fl-Ar",0.0087465440567438,0.0329280347238905
"168","UniRef90_J5VG22","dieguez_complete_uniref_Healthy-FlvsCaries-Fl-Ar",0.0115141132782952,0.0342933860342738
"169","UniRef90_A0A0X8JSY8","dieguez_complete_uniref_Healthy-FlvsCaries-Fl-Ar",0.0153630436641899,0.0366451820734573
"170","UniRef90_A0A2N6TLH8","dieguez_complete_uniref_Healthy-FlvsCaries-Fl-Ar",0.00574012223246595,0.0304350132070255
"171","UniRef90_A5TVF0","dieguez_complete_uniref_Healthy-FlvsCaries-Fl-Ar",0.0153627894954741,0.0366451820734573
"172","UniRef90_C9MZK9","dieguez_complete_uniref_Healthy-FlvsCaries-Fl-Ar",0.0271301462977824,0.0440799577867085
"173","UniRef90_S2ZQS1","dieguez_complete_uniref_Healthy-FlvsCaries-Fl-Ar",0.0381361235211485,0.0475157377371046
"174","UniRef90_U1SAA0","dieguez_complete_uniref_Healthy-FlvsCaries-Fl-Ar",0.0441878776385818,0.0491869102603203
"175","UniRef90_U2R2D9","dieguez_complete_uniref_Healthy-FlvsCaries-Fl-Ar",0.00564599050073297,0.0304350132070255
"176","UniRef90_X8HWZ7","dieguez_complete_uniref_Healthy-FlvsCaries-Fl-Ar",0.0368780178645023,0.0475157377371046
"177","UniRef90_E1KT92","dieguez_complete_uniref_Healthy-FlvsHealthy-Fl-Ar",0.0162697365313464,0.0378254212184467
"178","UniRef90_A0A2B7YY17","dieguez_complete_uniref_Healthy-FlvsHealthy-Fl-Ar",0.0324241008662794,0.0464043625384934
"179","UniRef90_A0A2C6BV61","dieguez_complete_uniref_Healthy-FlvsHealthy-Fl-Ar",0.0139238109036359,0.0366451820734573
"180","UniRef90_A0A2G9FAK1","dieguez_complete_uniref_Healthy-FlvsHealthy-Fl-Ar",0.00401321121089289,0.0272997453975553
"181","UniRef90_C8NB72","dieguez_complete_uniref_Healthy-FlvsHealthy-Fl-Ar",0.0431675003974274,0.0486974074968286
"182","UniRef90_C9MWN9","dieguez_complete_uniref_Healthy-FlvsHealthy-Fl-Ar",0.00946808728155072,0.0329482077554532
"183","UniRef90_E0DHH0","dieguez_complete_uniref_Healthy-FlvsHealthy-Fl-Ar",0.0438386894323079,0.0489961823066971
"184","UniRef90_G6C504","dieguez_complete_uniref_Healthy-FlvsHealthy-Fl-Ar",0.038621776086239,0.0475157377371046
"185","UniRef90_L1NZV5","dieguez_complete_uniref_Healthy-FlvsHealthy-Fl-Ar",0.0429263568488439,0.0486974074968286
"186","UniRef90_U1Q2Z8","dieguez_complete_uniref_Healthy-FlvsHealthy-Fl-Ar",0.0418851551634193,0.0486974074968286
"187","UniRef90_U1R9S4","dieguez_complete_uniref_Healthy-FlvsHealthy-Fl-Ar",0.0106080196640756,0.0329482077554532
"188","UniRef90_U2R2D9","dieguez_complete_uniref_Healthy-FlvsHealthy-Fl-Ar",0.0329218105177613,0.0465126092186833
"189","UniRef90_W2CTG9","dieguez_complete_uniref_Healthy-FlvsHealthy-Fl-Ar",0.000684664122587026,0.0209031175734128
"190","UniRef90_A0A0M3UUY0","dieguez_complete_uniref_Caries-Fl-ArvsHealthy-Fl-Ar",0.0454381496924764,0.0498722438835123
"191","UniRef90_E1KT92","dieguez_complete_uniref_Caries-Fl-ArvsHealthy-Fl-Ar",0.00564799395387588,0.0304350132070255
"192","UniRef90_A0A0S2ZM78","dieguez_complete_uniref_Caries-Fl-ArvsHealthy-Fl-Ar",0.0303780027348357,0.0456406635366587
"193","UniRef90_A0A0X8JSY8","dieguez_complete_uniref_Caries-Fl-ArvsHealthy-Fl-Ar",0.00213843389436394,0.0223404645350974
"194","UniRef90_A0A241Q2B3","dieguez_complete_uniref_Caries-Fl-ArvsHealthy-Fl-Ar",0.00487013439410688,0.0300315766197557
"195","UniRef90_A0A250FNZ8","dieguez_complete_uniref_Caries-Fl-ArvsHealthy-Fl-Ar",0.0163482642095717,0.0378450733620833
"196","UniRef90_A0A2N6TLH8","dieguez_complete_uniref_Caries-Fl-ArvsHealthy-Fl-Ar",0.0195914264876284,0.0406120763854713
"197","UniRef90_A0A2N6TM57","dieguez_complete_uniref_Caries-Fl-ArvsHealthy-Fl-Ar",0.033914077601949,0.0469569259449215
"198","UniRef90_A5TSM3","dieguez_complete_uniref_Caries-Fl-ArvsHealthy-Fl-Ar",0.0319540371664857,0.0464043625384934
"199","UniRef90_D3IKU4","dieguez_complete_uniref_Caries-Fl-ArvsHealthy-Fl-Ar",0.00760229568185852,0.0329280347238905
"200","UniRef90_E6LLD9","dieguez_complete_uniref_Caries-Fl-ArvsHealthy-Fl-Ar",0.0248282750465807,0.0428586537725013
"201","UniRef90_J6HZ39","dieguez_complete_uniref_Caries-Fl-ArvsHealthy-Fl-Ar",0.0130582660339038,0.035975522923405
"202","UniRef90_U1Q2Z8","dieguez_complete_uniref_Caries-Fl-ArvsHealthy-Fl-Ar",0.0101288279165579,0.0329482077554532
"203","UniRef90_U1SAA0","dieguez_complete_uniref_Caries-Fl-ArvsHealthy-Fl-Ar",0.0207356420224106,0.0408891144832521
"204","UniRef90_UPI0007E347B6","dieguez_complete_uniref_Caries-Fl-ArvsHealthy-Fl-Ar",0.00948538884645101,0.0329482077554532
"205","UniRef90_W2CTG9","dieguez_complete_uniref_Caries-Fl-ArvsHealthy-Fl-Ar",0.00151620317601622,0.0223404645350974
"206","UniRef90_C7NA43","ev_complete_uniref_Caries-CAavsCaries-CAi",0.0471415638333469,0.0498722438835123
"207","UniRef90_F3AZB3","ev_complete_uniref_Caries-CAavsCaries-CAi",0.0328233982185841,0.0464927825666834
"208","UniRef90_H1LVS8","ev_complete_uniref_Caries-CAavsCaries-CAi",0.0292671428009468,0.0446709021698662
"209","UniRef90_L1NYQ6","ev_complete_uniref_Caries-CAavsCaries-CAi",0.0498133450739481,0.0499959007871777
"210","UniRef90_L1P121","ev_complete_uniref_Caries-CAavsCaries-CAi",0.034425467957267,0.0472272904259061
"211","UniRef90_U1PZP5","ev_complete_uniref_Caries-CAavsCaries-CAi",0.0273299229157161,0.0440799577867085
"212","UniRef90_UPI00020F0401","ev_complete_uniref_Caries-CAavsCaries-CAi",0.0414532664431935,0.0486974074968286
"213","UniRef90_A0A241Q1Z2","ev_complete_uniref_Caries-CAavsCaries-CAi",0.0276859045908549,0.0440799577867085
"214","UniRef90_A0A2C5ZYQ6","ev_complete_uniref_Caries-CAavsCaries-CAi",0.00174505687158351,0.0223404645350974
"215","UniRef90_A0A2N6TM74","ev_complete_uniref_Caries-CAavsCaries-CAi",0.0262302453887246,0.0437750354705219
"216","UniRef90_A5TWG4","ev_complete_uniref_Caries-CAavsCaries-CAi",0.0262967998924551,0.0437750354705219
"217","UniRef90_C8NI31","ev_complete_uniref_Caries-CAavsCaries-CAi",0.0173726717636743,0.0389650476536581
"218","UniRef90_E0DE64","ev_complete_uniref_Caries-CAavsCaries-CAi",0.00180279103717669,0.0223404645350974
"219","UniRef90_E7RXG0","ev_complete_uniref_Caries-CAavsCaries-CAi",0.00263788323751635,0.023071010537643
"220","UniRef90_F2UVA9","ev_complete_uniref_Caries-CAavsCaries-CAi",0.0102173066772233,0.0329482077554532
"221","UniRef90_J0MQ72","ev_complete_uniref_Caries-CAavsCaries-CAi",0.0242259860912153,0.0428382029182922
"222","UniRef90_J2ZP06","ev_complete_uniref_Caries-CAavsCaries-CAi",0.0220660685641828,0.0416383691057011
"223","UniRef90_J4X4D7","ev_complete_uniref_Caries-CAavsCaries-CAi",0.0489818063820762,0.0499959007871777
"224","UniRef90_L1MBX8","ev_complete_uniref_Caries-CAavsCaries-CAi",0.0145317142617791,0.0366451820734573
"225","UniRef90_Q7P3S4","ev_complete_uniref_Caries-CAavsCaries-CAi",0.01489974398741,0.0366451820734573
"226","UniRef90_U1Q6C0","ev_complete_uniref_Caries-CAavsCaries-CAi",0.0224186781222587,0.0418735310012357
"227","UniRef90_U2LXT4","ev_complete_uniref_Caries-CAavsCaries-CAi",0.0320472910013847,0.0464043625384934
"228","UniRef90_UPI000479641D","ev_complete_uniref_Caries-CAavsCaries-CAi",0.0436545790706337,0.0489891508511592
"229","UniRef90_V2Y0N7","ev_complete_uniref_Caries-CAavsCaries-CAi",0.000514997129147539,0.0209031175734128
"230","UniRef90_W2VDD7","ev_complete_uniref_Caries-CAavsCaries-CAi",0.0148067516971449,0.0366451820734573
"231","UniRef90_A0A134BE17","ev_complete_uniref_Caries-CAavsCaries-CAs",0.0474186443487453,0.0498722438835123
"232","UniRef90_A0A2C6BS96","ev_complete_uniref_Caries-CAavsCaries-CAs",0.0188464365966955,0.0400437585640046
"233","UniRef90_C7NBR1","ev_complete_uniref_Caries-CAavsCaries-CAs",0.012719269813607,0.0355868896010772
"234","UniRef90_L1PBR5","ev_complete_uniref_Caries-CAavsCaries-CAs",0.0219529898597537,0.041632910559118
"235","UniRef90_V2XLD5","ev_complete_uniref_Caries-CAavsCaries-CAs",0.0371670464638258,0.0475157377371046
"236","UniRef90_W1Q1S0","ev_complete_uniref_Caries-CAavsCaries-CAs",0.0370004525036458,0.0475157377371046
"237","UniRef90_A0A1F0UQX2","ev_complete_uniref_Caries-CAavsCaries-CAs",0.0246144662128265,0.0428586537725013
"238","UniRef90_A0A223AZQ6","ev_complete_uniref_Caries-CAavsCaries-CAs",0.0314448780993273,0.0464043625384934
"239","UniRef90_A0A241Q1Z2","ev_complete_uniref_Caries-CAavsCaries-CAs",0.01853937239144,0.0400437585640046
"240","UniRef90_A0A2B7YNI3","ev_complete_uniref_Caries-CAavsCaries-CAs",0.0468868823131493,0.0498722438835123
"241","UniRef90_A0A2B7YWT3","ev_complete_uniref_Caries-CAavsCaries-CAs",0.0473967045920389,0.0498722438835123
"242","UniRef90_A0A2C6BTY4","ev_complete_uniref_Caries-CAavsCaries-CAs",0.0372258046769961,0.0475157377371046
"243","UniRef90_A0A2N6TLH8","ev_complete_uniref_Caries-CAavsCaries-CAs",0.0402900092275839,0.048260424096519
"244","UniRef90_A5TT68","ev_complete_uniref_Caries-CAavsCaries-CAs",0.0186673725644043,0.0400437585640046
"245","UniRef90_C8NDE1","ev_complete_uniref_Caries-CAavsCaries-CAs",0.0105948757857972,0.0329482077554532
"246","UniRef90_D3ILB5","ev_complete_uniref_Caries-CAavsCaries-CAs",0.0471154433718536,0.0498722438835123
"247","UniRef90_E0DE64","ev_complete_uniref_Caries-CAavsCaries-CAs",0.0126015108324963,0.0355868896010772
"248","UniRef90_E7RTK7","ev_complete_uniref_Caries-CAavsCaries-CAs",0.0128618351002526,0.0356124177901466
"249","UniRef90_E7RXG0","ev_complete_uniref_Caries-CAavsCaries-CAs",0.0292325399028986,0.0446709021698662
"250","UniRef90_F3AZX4","ev_complete_uniref_Caries-CAavsCaries-CAs",0.0250462550176868,0.0428586537725013
"251","UniRef90_F5RPM2","ev_complete_uniref_Caries-CAavsCaries-CAs",0.0337481405938833,0.0469569259449215
"252","UniRef90_F7L2Y4","ev_complete_uniref_Caries-CAavsCaries-CAs",0.0430091964962345,0.0486974074968286
"253","UniRef90_G9ZCV2","ev_complete_uniref_Caries-CAavsCaries-CAs",0.00934577664299756,0.0329482077554532
"254","UniRef90_J6HXM3","ev_complete_uniref_Caries-CAavsCaries-CAs",0.0192943941065187,0.0405771418041672
"255","UniRef90_L1NPP8","ev_complete_uniref_Caries-CAavsCaries-CAs",0.0470790319372587,0.0498722438835123
"256","UniRef90_L1P504","ev_complete_uniref_Caries-CAavsCaries-CAs",0.0250462550176868,0.0428586537725013
"257","UniRef90_L1P808","ev_complete_uniref_Caries-CAavsCaries-CAs",0.0261928808067512,0.0437750354705219
"258","UniRef90_L1PAV3","ev_complete_uniref_Caries-CAavsCaries-CAs",0.0461246451811082,0.0498722438835123
"259","UniRef90_L1Q3K9","ev_complete_uniref_Caries-CAavsCaries-CAs",0.028670720344384,0.0446709021698662
"260","UniRef90_Q7P3S4","ev_complete_uniref_Caries-CAavsCaries-CAs",0.00783507945519652,0.0329280347238905
"261","UniRef90_S3BAE8","ev_complete_uniref_Caries-CAavsCaries-CAs",0.0226840058157079,0.0422259702853211
"262","UniRef90_U2AFG7","ev_complete_uniref_Caries-CAavsCaries-CAs",0.0490339216186859,0.0499959007871777
"263","UniRef90_U2AQQ5","ev_complete_uniref_Caries-CAavsCaries-CAs",0.0362967182756141,0.0475157377371046
"264","UniRef90_U2AXI3","ev_complete_uniref_Caries-CAavsCaries-CAs",0.0101374650766876,0.0329482077554532
"265","UniRef90_U2AZB2","ev_complete_uniref_Caries-CAavsCaries-CAs",0.0198503167141085,0.0406599424144007
"266","UniRef90_U2FF01","ev_complete_uniref_Caries-CAavsCaries-CAs",0.0132282754450805,0.0360208019723691
"267","UniRef90_U2LXT4","ev_complete_uniref_Caries-CAavsCaries-CAs",0.0369347498062815,0.0475157377371046
"268","UniRef90_U2R2D9","ev_complete_uniref_Caries-CAavsCaries-CAs",0.0348906851713567,0.0472336009469903
"269","UniRef90_W1Q1L8","ev_complete_uniref_Caries-CAavsCaries-CAs",0.0469349723145057,0.0498722438835123
"270","UniRef90_W2CDB2","ev_complete_uniref_Caries-CAavsCaries-CAs",0.0473967045920389,0.0498722438835123
"271","UniRef90_W2CSC7","ev_complete_uniref_Caries-CAavsCaries-CAs",0.0413207339632372,0.0486974074968286
"272","UniRef90_X8HWZ7","ev_complete_uniref_Caries-CAavsCaries-CAs",0.0402889181460243,0.048260424096519
"273","UniRef90_B9D2N3","ev_complete_uniref_Caries-CAavsHealthy-CI",0.0327753612370574,0.0464927825666834
"274","UniRef90_H1LUP6","ev_complete_uniref_Caries-CAavsHealthy-CI",0.0271265634846174,0.0440799577867085
"275","UniRef90_J4KDX8","ev_complete_uniref_Caries-CAavsHealthy-CI",0.0468602059832068,0.0498722438835123
"276","UniRef90_L1NIT5","ev_complete_uniref_Caries-CAavsHealthy-CI",0.0483580069312205,0.0499959007871777
"277","UniRef90_U7V4D6","ev_complete_uniref_Caries-CAavsHealthy-CI",0.00983356451742962,0.0329482077554532
"278","UniRef90_UPI00036A705E","ev_complete_uniref_Caries-CAavsHealthy-CI",0.0419438223721153,0.0486974074968286
"279","UniRef90_A0A0X8KAH6","ev_complete_uniref_Caries-CAavsHealthy-CI",0.0474942571886988,0.0498722438835123
"280","UniRef90_A0A134A2L4","ev_complete_uniref_Caries-CAavsHealthy-CI",0.0468602059832068,0.0498722438835123
"281","UniRef90_A0A318HQ74","ev_complete_uniref_Caries-CAavsHealthy-CI",0.0214622252214991,0.0412873304999459
"282","UniRef90_C8NB72","ev_complete_uniref_Caries-CAavsHealthy-CI",0.0321779519002994,0.0464043625384934
"283","UniRef90_C9MUM6","ev_complete_uniref_Caries-CAavsHealthy-CI",0.0447834039645641,0.0495495092057727
"284","UniRef90_D3IKE1","ev_complete_uniref_Caries-CAavsHealthy-CI",0.0401382331542136,0.048260424096519
"285","UniRef90_D3QZD1","ev_complete_uniref_Caries-CAavsHealthy-CI",0.0237115990457471,0.0428382029182922
"286","UniRef90_E7RXG0","ev_complete_uniref_Caries-CAavsHealthy-CI",0.010745231418077,0.0329759651017912
"287","UniRef90_F9EDQ2","ev_complete_uniref_Caries-CAavsHealthy-CI",0.0153268423958093,0.0366451820734573
"288","UniRef90_J0XEL7","ev_complete_uniref_Caries-CAavsHealthy-CI",0.00219761698457217,0.0223404645350974
"289","UniRef90_J6I625","ev_complete_uniref_Caries-CAavsHealthy-CI",0.0380656428538834,0.0475157377371046
"290","UniRef90_L1NQ05","ev_complete_uniref_Caries-CAavsHealthy-CI",0.00302939685610846,0.0252908737532691
"291","UniRef90_U1RP32","ev_complete_uniref_Caries-CAavsHealthy-CI",0.0159982661104996,0.0376711308841251
"292","UniRef90_U2BYZ5","ev_complete_uniref_Caries-CAavsHealthy-CI",0.0280909689657948,0.0440799577867085
"293","UniRef90_U2C1G8","ev_complete_uniref_Caries-CAavsHealthy-CI",0.0400524349810332,0.048260424096519
"294","UniRef90_U2Q999","ev_complete_uniref_Caries-CAavsHealthy-CI",0.0460417205426948,0.0498722438835123
"295","UniRef90_UPI0004E12320","ev_complete_uniref_Caries-CAavsHealthy-CI",0.0479234643072477,0.0498722438835123
"296","UniRef90_W2CIW7","ev_complete_uniref_Caries-CAavsHealthy-CI",0.0389605938798035,0.0477050827283816
"297","UniRef90_W2VDD7","ev_complete_uniref_Caries-CAavsHealthy-CI",0.0187729136619001,0.0400437585640046
"298","UniRef90_X8H3M8","ev_complete_uniref_Caries-CAavsHealthy-CI",0.035303028474545,0.0472640097757446
"299","UniRef90_H1LUP6","ev_complete_uniref_Caries-CAavsHealthy-CF",5.23814167706386e-05,0.00721554016015547
"300","UniRef90_UPI0009F88094","ev_complete_uniref_Caries-CAavsHealthy-CF",0.00242919264873878,0.0223404645350974
"301","UniRef90_A0A241Q1Z2","ev_complete_uniref_Caries-CAavsHealthy-CF",0.0091686135430233,0.0329482077554532
"302","UniRef90_A0A241Q4K7","ev_complete_uniref_Caries-CAavsHealthy-CF",0.0054861592975426,0.0304350132070255
"303","UniRef90_A0A250F9F0","ev_complete_uniref_Caries-CAavsHealthy-CF",0.00857161990842881,0.0329280347238905
"304","UniRef90_A0A2N6TM57","ev_complete_uniref_Caries-CAavsHealthy-CF",0.00718255431152453,0.0329280347238905
"305","UniRef90_C7M709","ev_complete_uniref_Caries-CAavsHealthy-CF",0.0095062505269677,0.0329482077554532
"306","UniRef90_D3QZD1","ev_complete_uniref_Caries-CAavsHealthy-CF",0.0102382624920251,0.0329482077554532
"307","UniRef90_E0DE94","ev_complete_uniref_Caries-CAavsHealthy-CF",0.0127780056781258,0.0355868896010772
"308","UniRef90_E7RY83","ev_complete_uniref_Caries-CAavsHealthy-CF",0.000472748258818057,0.0209031175734128
"309","UniRef90_F0IAB6","ev_complete_uniref_Caries-CAavsHealthy-CF",0.00328794354861525,0.0258808127898143
"310","UniRef90_F2UVA9","ev_complete_uniref_Caries-CAavsHealthy-CF",0.0438143999425251,0.0489961823066971
"311","UniRef90_G6AGG7","ev_complete_uniref_Caries-CAavsHealthy-CF",0.00454031299008057,0.029089679738772
"312","UniRef90_K0XIQ7","ev_complete_uniref_Caries-CAavsHealthy-CF",0.00562782560633204,0.0304350132070255
"313","UniRef90_L1PMK0","ev_complete_uniref_Caries-CAavsHealthy-CF",0.0138269105513341,0.0366451820734573
"314","UniRef90_L1PSR8","ev_complete_uniref_Caries-CAavsHealthy-CF",0.00822860955176089,0.0329280347238905
"315","UniRef90_U1QP00","ev_complete_uniref_Caries-CAavsHealthy-CF",0.00328547358272483,0.0258808127898143
"316","UniRef90_U2CAK8","ev_complete_uniref_Caries-CAavsHealthy-CF",0.00556390455319042,0.0304350132070255
"317","UniRef90_U2LXT4","ev_complete_uniref_Caries-CAavsHealthy-CF",0.0106438856269885,0.0329482077554532
"318","UniRef90_U2R2D9","ev_complete_uniref_Caries-CAavsHealthy-CF",0.0303994982177019,0.0456406635366587
"319","UniRef90_U2SSM5","ev_complete_uniref_Caries-CAavsHealthy-CF",0.0107766496414623,0.0329759651017912
"320","UniRef90_U2T0U2","ev_complete_uniref_Caries-CAavsHealthy-CF",0.0126491610160416,0.0355868896010772
"321","UniRef90_W2VDD7","ev_complete_uniref_Caries-CAavsHealthy-CF",0.00662307955075544,0.0327376619307058
"322","UniRef90_A0A134BE17","ev_complete_uniref_Caries-CAivsCaries-CAs",0.0208527062972665,0.0408891144832521
"323","UniRef90_A0A1B6W0U8","ev_complete_uniref_Caries-CAivsCaries-CAs",0.0358951482788767,0.0474298002437915
"324","UniRef90_A0A2C6A320","ev_complete_uniref_Caries-CAivsCaries-CAs",0.0247658540929016,0.0428586537725013
"325","UniRef90_A0A2C6BS96","ev_complete_uniref_Caries-CAivsCaries-CAs",0.00690566453419197,0.0329280347238905
"326","UniRef90_A0A2T5XRS3","ev_complete_uniref_Caries-CAivsCaries-CAs",0.0324234782802846,0.0464043625384934
"327","UniRef90_A0A2X4AK02","ev_complete_uniref_Caries-CAivsCaries-CAs",0.0477330215148363,0.0498722438835123
"328","UniRef90_C7NBR1","ev_complete_uniref_Caries-CAivsCaries-CAs",0.00679293651936835,0.0328665476223394
"329","UniRef90_E7RVW1","ev_complete_uniref_Caries-CAivsCaries-CAs",0.00379516261345021,0.0268094179488598
"330","UniRef90_F0F2M7","ev_complete_uniref_Caries-CAivsCaries-CAs",0.0463001629491125,0.0498722438835123
"331","UniRef90_F3B3C8","ev_complete_uniref_Caries-CAivsCaries-CAs",0.0355729540527583,0.0472640097757446
"332","UniRef90_G9ZEQ7","ev_complete_uniref_Caries-CAivsCaries-CAs",0.0394071736777633,0.0478267680538493
"333","UniRef90_L1P8E0","ev_complete_uniref_Caries-CAivsCaries-CAs",0.0319973343654597,0.0464043625384934
"334","UniRef90_L1P920","ev_complete_uniref_Caries-CAivsCaries-CAs",0.0495882278293208,0.0499959007871777
"335","UniRef90_L1PBR5","ev_complete_uniref_Caries-CAivsCaries-CAs",0.00881153423517514,0.0329280347238905
"336","UniRef90_R9MWB5","ev_complete_uniref_Caries-CAivsCaries-CAs",0.0232710836570565,0.0425992262293626
"337","UniRef90_U2A6D5","ev_complete_uniref_Caries-CAivsCaries-CAs",0.0484558615362685,0.0499959007871777
"338","UniRef90_U7UXL5","ev_complete_uniref_Caries-CAivsCaries-CAs",0.0326172630822067,0.0464927825666834
"339","UniRef90_U7V776","ev_complete_uniref_Caries-CAivsCaries-CAs",0.0440395762435244,0.0491210658100849
"340","UniRef90_UPI0003F563A9","ev_complete_uniref_Caries-CAivsCaries-CAs",0.0307641986962158,0.0459378685138615
"341","UniRef90_V2XLD5","ev_complete_uniref_Caries-CAivsCaries-CAs",0.0196822124460375,0.0406120763854713
"342","UniRef90_W1Q1S0","ev_complete_uniref_Caries-CAivsCaries-CAs",0.0272405557376672,0.0440799577867085
"343","UniRef90_A0A069ZHY6","ev_complete_uniref_Caries-CAivsCaries-CAs",0.0405966310085228,0.0483126213513954
"344","UniRef90_A0A1F0UQX2","ev_complete_uniref_Caries-CAivsCaries-CAs",0.0105435328626853,0.0329482077554532
"345","UniRef90_A0A223AZQ6","ev_complete_uniref_Caries-CAivsCaries-CAs",0.0153401996172594,0.0366451820734573
"346","UniRef90_A0A2B7YNI3","ev_complete_uniref_Caries-CAivsCaries-CAs",0.0231804668068215,0.0425992262293626
"347","UniRef90_A0A2B7YWT3","ev_complete_uniref_Caries-CAivsCaries-CAs",0.028023645359576,0.0440799577867085
"348","UniRef90_A0A2C6B5N0","ev_complete_uniref_Caries-CAivsCaries-CAs",0.0430719550498854,0.0486974074968286
"349","UniRef90_A0A2C6BTY4","ev_complete_uniref_Caries-CAivsCaries-CAs",0.0197281249965084,0.0406120763854713
"350","UniRef90_A0A2G9F7T9","ev_complete_uniref_Caries-CAivsCaries-CAs",0.0328108689113647,0.0464927825666834
"351","UniRef90_A0A323TX70","ev_complete_uniref_Caries-CAivsCaries-CAs",0.0180673852190395,0.039504481173376
"352","UniRef90_A5TT68","ev_complete_uniref_Caries-CAivsCaries-CAs",0.00679997537013918,0.0328665476223394
"353","UniRef90_C7M709","ev_complete_uniref_Caries-CAivsCaries-CAs",0.012788029294035,0.0355868896010772
"354","UniRef90_C8NDE1","ev_complete_uniref_Caries-CAivsCaries-CAs",0.00615615903093836,0.0316883619865425
"355","UniRef90_D3IF56","ev_complete_uniref_Caries-CAivsCaries-CAs",0.00788181046748949,0.0329280347238905
"356","UniRef90_D3ILB5","ev_complete_uniref_Caries-CAivsCaries-CAs",0.0277857371795358,0.0440799577867085
"357","UniRef90_D7JCK2","ev_complete_uniref_Caries-CAivsCaries-CAs",0.0323974907227029,0.0464043625384934
"358","UniRef90_D7JH52","ev_complete_uniref_Caries-CAivsCaries-CAs",0.0486833990899614,0.0499959007871777
"359","UniRef90_E6LKU2","ev_complete_uniref_Caries-CAivsCaries-CAs",0.0309002066705052,0.046016253717428
"360","UniRef90_E7RTK5","ev_complete_uniref_Caries-CAivsCaries-CAs",0.0495129645993537,0.0499959007871777
"361","UniRef90_E7RTK6","ev_complete_uniref_Caries-CAivsCaries-CAs",0.0291905429156322,0.0446709021698662
"362","UniRef90_E7RTK7","ev_complete_uniref_Caries-CAivsCaries-CAs",0.00714353123432466,0.0329280347238905
"363","UniRef90_E7RTR9","ev_complete_uniref_Caries-CAivsCaries-CAs",0.00144415669090648,0.0223404645350974
"364","UniRef90_E7RTY9","ev_complete_uniref_Caries-CAivsCaries-CAs",0.0355860303413644,0.0472640097757446
"365","UniRef90_E7RVB6","ev_complete_uniref_Caries-CAivsCaries-CAs",0.0260776089924017,0.0437750354705219
"366","UniRef90_E7RYB7","ev_complete_uniref_Caries-CAivsCaries-CAs",0.0241325778222883,0.0428382029182922
"367","UniRef90_E7RYK2","ev_complete_uniref_Caries-CAivsCaries-CAs",0.0164155581370924,0.0378450733620833
"368","UniRef90_F2UVA9","ev_complete_uniref_Caries-CAivsCaries-CAs",0.00963667261716565,0.0329482077554532
"369","UniRef90_F3UU36","ev_complete_uniref_Caries-CAivsCaries-CAs",0.00579977565651121,0.0304350132070255
"370","UniRef90_F5RPM2","ev_complete_uniref_Caries-CAivsCaries-CAs",0.0170560409382428,0.0386743973537933
"371","UniRef90_F7L2Y4","ev_complete_uniref_Caries-CAivsCaries-CAs",0.024364710840767,0.0428586537725013
"372","UniRef90_F9EQU2","ev_complete_uniref_Caries-CAivsCaries-CAs",0.0382519450958134,0.0475157377371046
"373","UniRef90_G9ZCV2","ev_complete_uniref_Caries-CAivsCaries-CAs",0.00209421918238233,0.0223404645350974
"374","UniRef90_J4J2M1","ev_complete_uniref_Caries-CAivsCaries-CAs",0.0427563376313242,0.0486974074968286
"375","UniRef90_J4VLQ5","ev_complete_uniref_Caries-CAivsCaries-CAs",0.0430410804635181,0.0486974074968286
"376","UniRef90_J5UUN7","ev_complete_uniref_Caries-CAivsCaries-CAs",0.0458561319077734,0.0498722438835123
"377","UniRef90_J6ILZ2","ev_complete_uniref_Caries-CAivsCaries-CAs",0.0411548383846588,0.0486974074968286
"378","UniRef90_J6IUG2","ev_complete_uniref_Caries-CAivsCaries-CAs",0.00665447937611442,0.0327376619307058
"379","UniRef90_K1GXY7","ev_complete_uniref_Caries-CAivsCaries-CAs",0.0235753864342271,0.0428382029182922
"380","UniRef90_L1NPP8","ev_complete_uniref_Caries-CAivsCaries-CAs",0.02775497056635,0.0440799577867085
"381","UniRef90_L1NY42","ev_complete_uniref_Caries-CAivsCaries-CAs",0.00959709009455119,0.0329482077554532
"382","UniRef90_L1P504","ev_complete_uniref_Caries-CAivsCaries-CAs",0.0108323950697354,0.0329759651017912
"383","UniRef90_L1P808","ev_complete_uniref_Caries-CAivsCaries-CAs",0.0208421518998199,0.0408891144832521
"384","UniRef90_L1P8P3","ev_complete_uniref_Caries-CAivsCaries-CAs",0.0384680490846803,0.0475157377371046
"385","UniRef90_L1P9H9","ev_complete_uniref_Caries-CAivsCaries-CAs",0.0140779592920164,0.0366451820734573
"386","UniRef90_L1PAV3","ev_complete_uniref_Caries-CAivsCaries-CAs",0.0269512210067979,0.0440799577867085
"387","UniRef90_L1Q3K9","ev_complete_uniref_Caries-CAivsCaries-CAs",0.0133361952855958,0.0360208019723691
"388","UniRef90_Q7P7A0","ev_complete_uniref_Caries-CAivsCaries-CAs",0.0404778722956406,0.0482904015710046
"389","UniRef90_Q7P822","ev_complete_uniref_Caries-CAivsCaries-CAs",0.0393935890855289,0.0478267680538493
"390","UniRef90_U1S2R3","ev_complete_uniref_Caries-CAivsCaries-CAs",0.0386270319090099,0.0475157377371046
"391","UniRef90_U2AFG7","ev_complete_uniref_Caries-CAivsCaries-CAs",0.029417173807822,0.0447758640003037
"392","UniRef90_U2AQ36","ev_complete_uniref_Caries-CAivsCaries-CAs",0.0319171162402381,0.0464043625384934
"393","UniRef90_U2AQQ5","ev_complete_uniref_Caries-CAivsCaries-CAs",0.0190051551771433,0.0401219942628581
"394","UniRef90_U2AXI3","ev_complete_uniref_Caries-CAivsCaries-CAs",0.00575752734167401,0.0304350132070255
"395","UniRef90_U2AZB2","ev_complete_uniref_Caries-CAivsCaries-CAs",0.0139082601488613,0.0366451820734573
"396","UniRef90_U2FF01","ev_complete_uniref_Caries-CAivsCaries-CAs",0.00792846738655667,0.0329280347238905
"397","UniRef90_U2SSM5","ev_complete_uniref_Caries-CAivsCaries-CAs",0.0197532422346757,0.0406120763854713
"398","UniRef90_U7VAI7","ev_complete_uniref_Caries-CAivsCaries-CAs",0.0321553473944403,0.0464043625384934
"399","UniRef90_UPI0002B6BC8E","ev_complete_uniref_Caries-CAivsCaries-CAs",0.0484451741646556,0.0499959007871777
"400","UniRef90_UPI000BB16949","ev_complete_uniref_Caries-CAivsCaries-CAs",0.0125496675843395,0.0355868896010772
"401","UniRef90_UPI000E0D5AAB","ev_complete_uniref_Caries-CAivsCaries-CAs",0.024797666274226,0.0428586537725013
"402","UniRef90_UPI000E598125","ev_complete_uniref_Caries-CAivsCaries-CAs",0.0445116698675804,0.0494474397117677
"403","UniRef90_V2Y0N7","ev_complete_uniref_Caries-CAivsCaries-CAs",0.0456406394045484,0.0498722438835123
"404","UniRef90_W1Q1L8","ev_complete_uniref_Caries-CAivsCaries-CAs",0.0203850132457161,0.0408467670220611
"405","UniRef90_W1Q6C7","ev_complete_uniref_Caries-CAivsCaries-CAs",0.0454686777633083,0.0498722438835123
"406","UniRef90_W2CGF0","ev_complete_uniref_Caries-CAivsCaries-CAs",0.0297063488844003,0.044967577569518
"407","UniRef90_W2CSC7","ev_complete_uniref_Caries-CAivsCaries-CAs",0.0229879343432251,0.0425992262293626
"408","UniRef90_X8HWZ7","ev_complete_uniref_Caries-CAivsCaries-CAs",0.0221557081963344,0.0416648300893524
"409","UniRef90_X8I528","ev_complete_uniref_Caries-CAivsCaries-CAs",0.0362126129322536,0.0475157377371046
"410","UniRef90_A0A3C0BI19","ev_complete_uniref_Caries-CAivsHealthy-CI",0.0496409459502116,0.0499959007871777
"411","UniRef90_B9D2N3","ev_complete_uniref_Caries-CAivsHealthy-CI",0.0223148560485193,0.0418213798732454
"412","UniRef90_J4KDX8","ev_complete_uniref_Caries-CAivsHealthy-CI",0.0353442879796815,0.0472640097757446
"413","UniRef90_L1NIT5","ev_complete_uniref_Caries-CAivsHealthy-CI",0.0367758580504372,0.0475157377371046
"414","UniRef90_UPI00036A705E","ev_complete_uniref_Caries-CAivsHealthy-CI",0.030701013666302,0.0459378685138615
"415","UniRef90_A0A2C5ZYQ6","ev_complete_uniref_Caries-CAivsHealthy-CI",0.0376684079310797,0.0475157377371046
"416","UniRef90_A0A2C6B5N0","ev_complete_uniref_Caries-CAivsHealthy-CI",0.0490845707551963,0.0499959007871777
"417","UniRef90_A0A318HQ74","ev_complete_uniref_Caries-CAivsHealthy-CI",0.0126563257891264,0.0355868896010772
"418","UniRef90_A5TVF0","ev_complete_uniref_Caries-CAivsHealthy-CI",0.0478276116807227,0.0498722438835123
"419","UniRef90_C8NB72","ev_complete_uniref_Caries-CAivsHealthy-CI",0.021783143797687,0.0415311841955901
"420","UniRef90_C9MUM6","ev_complete_uniref_Caries-CAivsHealthy-CI",0.00229742974819815,0.0223404645350974
"421","UniRef90_D3IKE1","ev_complete_uniref_Caries-CAivsHealthy-CI",0.0290191690761639,0.0446709021698662
"422","UniRef90_D3IKU4","ev_complete_uniref_Caries-CAivsHealthy-CI",0.00151207353790954,0.0223404645350974
"423","UniRef90_D3QZD1","ev_complete_uniref_Caries-CAivsHealthy-CI",0.0428034436506408,0.0486974074968286
"424","UniRef90_E0DE64","ev_complete_uniref_Caries-CAivsHealthy-CI",0.0456635400459381,0.0498722438835123
"425","UniRef90_F2UVA9","ev_complete_uniref_Caries-CAivsHealthy-CI",0.00890431429012646,0.0329280347238905
"426","UniRef90_F9EDQ2","ev_complete_uniref_Caries-CAivsHealthy-CI",0.00790820997210489,0.0329280347238905
"427","UniRef90_L1NQ05","ev_complete_uniref_Caries-CAivsHealthy-CI",0.00233302153236151,0.0223404645350974
"428","UniRef90_U2BYZ5","ev_complete_uniref_Caries-CAivsHealthy-CI",0.0182037274605605,0.0396452720583748
"429","UniRef90_U2C1G8","ev_complete_uniref_Caries-CAivsHealthy-CI",0.0289395890703096,0.0446709021698662
"430","UniRef90_U2KZ56","ev_complete_uniref_Caries-CAivsHealthy-CI",0.0289395890703096,0.0446709021698662
"431","UniRef90_U2LXT4","ev_complete_uniref_Caries-CAivsHealthy-CI",0.00101087309729616,0.0214227337157763
"432","UniRef90_U2Q999","ev_complete_uniref_Caries-CAivsHealthy-CI",0.0345652000220639,0.0472272904259061
"433","UniRef90_UPI0004E12320","ev_complete_uniref_Caries-CAivsHealthy-CI",0.0363597642555564,0.0475157377371046
"434","UniRef90_W2CIW7","ev_complete_uniref_Caries-CAivsHealthy-CI",0.0279296518880909,0.0440799577867085
"435","UniRef90_W2VC95","ev_complete_uniref_Caries-CAivsHealthy-CI",0.024256840853915,0.0428382029182922
"436","UniRef90_X8H3M8","ev_complete_uniref_Caries-CAivsHealthy-CI",0.0245862096124844,0.0428586537725013
"437","UniRef90_E7N400","ev_complete_uniref_Caries-CAivsHealthy-CF",0.00569262828031013,0.0304350132070255
"438","UniRef90_H1LVS8","ev_complete_uniref_Caries-CAivsHealthy-CF",0.0097162258300863,0.0329482077554532
"439","UniRef90_J0N2U1","ev_complete_uniref_Caries-CAivsHealthy-CF",0.00287577913552133,0.0243777585180347
"440","UniRef90_U1PZP5","ev_complete_uniref_Caries-CAivsHealthy-CF",0.00800065452214089,0.0329280347238905
"441","UniRef90_A0A2C5ZYQ6","ev_complete_uniref_Caries-CAivsHealthy-CF",0.0161454822587036,0.0377184682962154
"442","UniRef90_A0A2N6TM74","ev_complete_uniref_Caries-CAivsHealthy-CF",0.00774979938671354,0.0329280347238905
"443","UniRef90_C8NI31","ev_complete_uniref_Caries-CAivsHealthy-CF",0.00316503745005681,0.0258808127898143
"444","UniRef90_D2ZT22","ev_complete_uniref_Caries-CAivsHealthy-CF",0.0123293359348316,0.0355868896010772
"445","UniRef90_D3QZD1","ev_complete_uniref_Caries-CAivsHealthy-CF",0.0176415541074117,0.0389650476536581
"446","UniRef90_E0DE64","ev_complete_uniref_Caries-CAivsHealthy-CF",0.000268604359775204,0.0164445558040153
"447","UniRef90_E0DE94","ev_complete_uniref_Caries-CAivsHealthy-CF",0.00263661116719887,0.023071010537643
"448","UniRef90_E7RXG0","ev_complete_uniref_Caries-CAivsHealthy-CF",0.000546290810056992,0.0209031175734128
"449","UniRef90_E7RY83","ev_complete_uniref_Caries-CAivsHealthy-CF",0.0097533690572047,0.0329482077554532
"450","UniRef90_J0MQ72","ev_complete_uniref_Caries-CAivsHealthy-CF",0.0498025296921096,0.0499959007871777
"451","UniRef90_L1MBX8","ev_complete_uniref_Caries-CAivsHealthy-CF",0.00232078478222874,0.0223404645350974
"452","UniRef90_L1PBM2","ev_complete_uniref_Caries-CAivsHealthy-CF",0.0253224274488471,0.0430127171287986
"453","UniRef90_L1PMK0","ev_complete_uniref_Caries-CAivsHealthy-CF",0.0197090465483961,0.0406120763854713
"454","UniRef90_L1PUU1","ev_complete_uniref_Caries-CAivsHealthy-CF",0.00161343733405047,0.0223404645350974
"455","UniRef90_U1Q6C0","ev_complete_uniref_Caries-CAivsHealthy-CF",0.00621341615391227,0.0316883619865425
"456","UniRef90_UPI0009F878EB","ev_complete_uniref_Caries-CAivsHealthy-CF",0.00161015275432249,0.0223404645350974
"457","UniRef90_X8I528","ev_complete_uniref_Caries-CAivsHealthy-CF",0.0151307723082183,0.0366451820734573
"458","UniRef90_A0A3C0BI19","ev_complete_uniref_Caries-CAsvsHealthy-CI",0.048798941387348,0.0499959007871777
"459","UniRef90_B9D2N3","ev_complete_uniref_Caries-CAsvsHealthy-CI",0.0215803106787376,0.0412873304999459
"460","UniRef90_J4KDX8","ev_complete_uniref_Caries-CAsvsHealthy-CI",0.0343907946357929,0.0472272904259061
"461","UniRef90_L1NIT5","ev_complete_uniref_Caries-CAsvsHealthy-CI",0.0358037296950318,0.047422728514333
"462","UniRef90_U7V4D6","ev_complete_uniref_Caries-CAsvsHealthy-CI",0.0081089986347478,0.0329280347238905
"463","UniRef90_UPI00036A705E","ev_complete_uniref_Caries-CAsvsHealthy-CI",0.0298147274751752,0.045007985859785
"464","UniRef90_A0A0M4GTB0","ev_complete_uniref_Caries-CAsvsHealthy-CI",0.00154170061321546,0.0223404645350974
"465","UniRef90_A0A0X8KAH6","ev_complete_uniref_Caries-CAsvsHealthy-CI",0.0349879058394103,0.0472336009469903
"466","UniRef90_A0A134A2L4","ev_complete_uniref_Caries-CAsvsHealthy-CI",0.0343907946357929,0.0472272904259061
"467","UniRef90_A0A1Q8XIS7","ev_complete_uniref_Caries-CAsvsHealthy-CI",0.00424369348217974,0.0275712675033416
"468","UniRef90_A0A2B7YY17","ev_complete_uniref_Caries-CAsvsHealthy-CI",0.0292490861110189,0.0446709021698662
"469","UniRef90_A0A318HQ74","ev_complete_uniref_Caries-CAsvsHealthy-CI",0.0121606412211982,0.0354524513909006
"470","UniRef90_A5TVF0","ev_complete_uniref_Caries-CAsvsHealthy-CI",0.0467402358886827,0.0498722438835123
"471","UniRef90_C8NB72","ev_complete_uniref_Caries-CAsvsHealthy-CI",0.0210597483319589,0.0411486572018062
"472","UniRef90_C9MUM6","ev_complete_uniref_Caries-CAsvsHealthy-CI",0.00224435086134005,0.0223404645350974
"473","UniRef90_D2ENY9","ev_complete_uniref_Caries-CAsvsHealthy-CI",0.0175952699374249,0.0389650476536581
"474","UniRef90_D3IKE1","ev_complete_uniref_Caries-CAsvsHealthy-CI",0.0281599730325252,0.0440799577867085
"475","UniRef90_D3IKU4","ev_complete_uniref_Caries-CAsvsHealthy-CI",0.00146872778244604,0.0223404645350974
"476","UniRef90_F9EDQ2","ev_complete_uniref_Caries-CAsvsHealthy-CI",0.0075660769491419,0.0329280347238905
"477","UniRef90_J0XE44","ev_complete_uniref_Caries-CAsvsHealthy-CI",0.0232222614663652,0.0425992262293626
"478","UniRef90_J0XEL7","ev_complete_uniref_Caries-CAsvsHealthy-CI",0.00152972801434439,0.0223404645350974
"479","UniRef90_J6I625","ev_complete_uniref_Caries-CAsvsHealthy-CI",0.0262793204726332,0.0437750354705219
"480","UniRef90_L1NQ05","ev_complete_uniref_Caries-CAsvsHealthy-CI",0.00228032618797319,0.0223404645350974
"481","UniRef90_L1NU03","ev_complete_uniref_Caries-CAsvsHealthy-CI",0.042059091860391,0.0486974074968286
"482","UniRef90_L1PMK0","ev_complete_uniref_Caries-CAsvsHealthy-CI",0.000168484272380206,0.0132621191544991
"483","UniRef90_L1PS04","ev_complete_uniref_Caries-CAsvsHealthy-CI",0.0430122625717973,0.0486974074968286
"484","UniRef90_U1RP32","ev_complete_uniref_Caries-CAsvsHealthy-CI",0.0141059581499095,0.0366451820734573
"485","UniRef90_U2BYZ5","ev_complete_uniref_Caries-CAsvsHealthy-CI",0.0175609415862253,0.0389650476536581
"486","UniRef90_U2C1G8","ev_complete_uniref_Caries-CAsvsHealthy-CI",0.0280817134176087,0.0440799577867085
"487","UniRef90_U2KZ56","ev_complete_uniref_Caries-CAsvsHealthy-CI",0.0280817134176087,0.0440799577867085
"488","UniRef90_U2LXT4","ev_complete_uniref_Caries-CAsvsHealthy-CI",0.00097754042408223,0.0214227337157763
"489","UniRef90_U2Q999","ev_complete_uniref_Caries-CAsvsHealthy-CI",0.0336222466050475,0.0469569259449215
"490","UniRef90_UPI0004E12320","ev_complete_uniref_Caries-CAsvsHealthy-CI",0.0353929560836238,0.0472640097757446
"491","UniRef90_V2Y0N7","ev_complete_uniref_Caries-CAsvsHealthy-CI",0.0375066722749112,0.0475157377371046
"492","UniRef90_W1Q1L8","ev_complete_uniref_Caries-CAsvsHealthy-CI",0.0355981198855427,0.0472640097757446
"493","UniRef90_W2CIW7","ev_complete_uniref_Caries-CAsvsHealthy-CI",0.0270888447492537,0.0440799577867085
"494","UniRef90_W2VC95","ev_complete_uniref_Caries-CAsvsHealthy-CI",0.0234832422755886,0.0428382029182922
"495","UniRef90_X8H3M8","ev_complete_uniref_Caries-CAsvsHealthy-CI",0.0238062384427322,0.0428382029182922
"496","UniRef90_C7NBR1","ev_complete_uniref_Caries-CAsvsHealthy-CF",0.000872543927746814,0.0209031175734128
"497","UniRef90_E7RVW1","ev_complete_uniref_Caries-CAsvsHealthy-CF",0.00212192994501047,0.0223404645350974
"498","UniRef90_W1Q1S0","ev_complete_uniref_Caries-CAsvsHealthy-CF",0.0133355401348405,0.0360208019723691
"499","UniRef90_A0A0R3PIN0","ev_complete_uniref_Caries-CAsvsHealthy-CF",1.79537110714822e-06,0.000494624740019335
"500","UniRef90_A0A250FAN4","ev_complete_uniref_Caries-CAsvsHealthy-CF",0.0387197209509255,0.0475157377371046
"501","UniRef90_A0A2N6TM57","ev_complete_uniref_Caries-CAsvsHealthy-CF",0.00710448676429854,0.0329280347238905
"502","UniRef90_A3CQ47","ev_complete_uniref_Caries-CAsvsHealthy-CF",0.00986583970361667,0.0329482077554532
"503","UniRef90_C2M370","ev_complete_uniref_Caries-CAsvsHealthy-CF",0.00543158240900207,0.0304350132070255
"504","UniRef90_C8NDE1","ev_complete_uniref_Caries-CAsvsHealthy-CF",0.0420318753738885,0.0486974074968286
"505","UniRef90_D2ZT22","ev_complete_uniref_Caries-CAsvsHealthy-CF",0.0215298715054385,0.0412873304999459
"506","UniRef90_E0DE64","ev_complete_uniref_Caries-CAsvsHealthy-CF",0.000763484381340721,0.0209031175734128
"507","UniRef90_E7RTK7","ev_complete_uniref_Caries-CAsvsHealthy-CF",0.00114320233190079,0.0223404645350974
"508","UniRef90_E7RTR9","ev_complete_uniref_Caries-CAsvsHealthy-CF",0.000134777345289465,0.0123770528757492
"509","UniRef90_E7RXG0","ev_complete_uniref_Caries-CAsvsHealthy-CF",0.0101849654749865,0.0329482077554532
"510","UniRef90_E7RY83","ev_complete_uniref_Caries-CAsvsHealthy-CF",0.0143730208229678,0.0366451820734573
"511","UniRef90_E7RYK2","ev_complete_uniref_Caries-CAsvsHealthy-CF",0.00746269800175632,0.0329280347238905
"512","UniRef90_F0IAB6","ev_complete_uniref_Caries-CAsvsHealthy-CF",0.00780622040538265,0.0329280347238905
"513","UniRef90_F0IIV1","ev_complete_uniref_Caries-CAsvsHealthy-CF",0.00197945945496624,0.0223404645350974
"514","UniRef90_F3UU36","ev_complete_uniref_Caries-CAsvsHealthy-CF",0.00175079191814997,0.0223404645350974
"515","UniRef90_J6HZ39","ev_complete_uniref_Caries-CAsvsHealthy-CF",0.0380624010276447,0.0475157377371046
"516","UniRef90_L1NU03","ev_complete_uniref_Caries-CAsvsHealthy-CF",0.0211543044233063,0.0411873559619851
"517","UniRef90_L1NXW0","ev_complete_uniref_Caries-CAsvsHealthy-CF",0.000945846659153795,0.0214227337157763
"518","UniRef90_L1NY42","ev_complete_uniref_Caries-CAsvsHealthy-CF",0.00168716147344524,0.0223404645350974
"519","UniRef90_L1PBM2","ev_complete_uniref_Caries-CAsvsHealthy-CF",0.00414797464582183,0.0275365545764799
"520","UniRef90_L1PMK0","ev_complete_uniref_Caries-CAsvsHealthy-CF",1.35258416305075e-08,7.45273873840963e-06
"521","UniRef90_L1PQP4","ev_complete_uniref_Caries-CAsvsHealthy-CF",0.0175923526789282,0.0389650476536581
"522","UniRef90_L1PSR8","ev_complete_uniref_Caries-CAsvsHealthy-CF",0.00259251063945186,0.023071010537643
"523","UniRef90_L1PUU1","ev_complete_uniref_Caries-CAsvsHealthy-CF",0.0014285780735117,0.0223404645350974
"524","UniRef90_U2AXI3","ev_complete_uniref_Caries-CAsvsHealthy-CF",0.000701362056160002,0.0209031175734128
"525","UniRef90_U2AZB2","ev_complete_uniref_Caries-CAsvsHealthy-CF",0.00369588347202376,0.0268094179488598
"526","UniRef90_U2FF01","ev_complete_uniref_Caries-CAsvsHealthy-CF",0.00118389162146641,0.0223404645350974
"527","UniRef90_W1Q1L8","ev_complete_uniref_Caries-CAsvsHealthy-CF",0.0205345816063719,0.0408467670220611
"528","UniRef90_B9D2N3","ev_complete_uniref_Healthy-CIvsHealthy-CF",0.0401485876689099,0.048260424096519
"529","UniRef90_U7V4D6","ev_complete_uniref_Healthy-CIvsHealthy-CF",0.00880429968546374,0.0329280347238905
"530","UniRef90_UPI00036A705E","ev_complete_uniref_Healthy-CIvsHealthy-CF",0.0499755220151813,0.0499959007871777
"531","UniRef90_A0A0R3PIN0","ev_complete_uniref_Healthy-CIvsHealthy-CF",0.0188954214639586,0.0400437585640046
"532","UniRef90_A0A0S2ZM78","ev_complete_uniref_Healthy-CIvsHealthy-CF",0.00502964433745249,0.0301231959775687
"533","UniRef90_A0A133ZXA4","ev_complete_uniref_Healthy-CIvsHealthy-CF",0.0346196761552714,0.0472272904259061
"534","UniRef90_A0A241Q1Z2","ev_complete_uniref_Healthy-CIvsHealthy-CF",0.00238894607015198,0.0223404645350974
"535","UniRef90_A0A246EGZ2","ev_complete_uniref_Healthy-CIvsHealthy-CF",0.0383551713731846,0.0475157377371046
"536","UniRef90_A0A2B7YY17","ev_complete_uniref_Healthy-CIvsHealthy-CF",0.00837755751660232,0.0329280347238905
"537","UniRef90_A0A2N6TM57","ev_complete_uniref_Healthy-CIvsHealthy-CF",0.0260967258269218,0.0437750354705219
"538","UniRef90_A0A2N8NDD8","ev_complete_uniref_Healthy-CIvsHealthy-CF",0.0144985598027972,0.0366451820734573
"539","UniRef90_A0A318HQ74","ev_complete_uniref_Healthy-CIvsHealthy-CF",0.0275264803084431,0.0440799577867085
"540","UniRef90_C9MUM6","ev_complete_uniref_Healthy-CIvsHealthy-CF",0.0367436166952227,0.0475157377371046
"541","UniRef90_E7RXG0","ev_complete_uniref_Healthy-CIvsHealthy-CF",0.00994045543970889,0.0329482077554532
"542","UniRef90_E7RYC5","ev_complete_uniref_Healthy-CIvsHealthy-CF",0.0176792412221679,0.0389650476536581
"543","UniRef90_F9EDQ2","ev_complete_uniref_Healthy-CIvsHealthy-CF",0.0203406196110862,0.0408467670220611
"544","UniRef90_L1NQ05","ev_complete_uniref_Healthy-CIvsHealthy-CF",0.00339760419077592,0.0260011098488546
"545","UniRef90_U1QP00","ev_complete_uniref_Healthy-CIvsHealthy-CF",0.0432178444028116,0.0486974074968286
"546","UniRef90_U2BYZ5","ev_complete_uniref_Healthy-CIvsHealthy-CF",0.0350015053888417,0.0472336009469903
"547","UniRef90_U2C1G8","ev_complete_uniref_Healthy-CIvsHealthy-CF",0.0479714868570989,0.0498722438835123
"548","UniRef90_U2KZ56","ev_complete_uniref_Healthy-CIvsHealthy-CF",0.0479714868570989,0.0498722438835123
"549","UniRef90_U2LXT4","ev_complete_uniref_Healthy-CIvsHealthy-CF",0.0404903185586282,0.0482904015710046
"550","UniRef90_W2VC95","ev_complete_uniref_Healthy-CIvsHealthy-CF",0.0424944635735167,0.0486974074968286
"551","UniRef90_X8H3M8","ev_complete_uniref_Healthy-CIvsHealthy-CF",0.0428876256875672,0.0486974074968286
